ImageID,LabelName,XMin,YMin,XMax,YMax
1602934b52b119cc,/m/05gqfk,0.0,0.0,1.0,1.0
488ab15e2780bec9,/m/05gqfk,0.0,0.02359882,1.0,1.0
4e24222b68123ef3,/m/05gqfk,0.37708333,0.778125,0.7458333399999999,0.96875
527bec033e8298a5,/m/05gqfk,0.1078125,0.10625,0.9953125,0.99375
7e25a4a33611d933,/m/05gqfk,0.0,0.0,1.0,1.0
8ba1eddf57c8c0ba,/m/05gqfk,0.0,0.0,1.0,1.0
b300a5975ac68399,/m/05gqfk,0.240625,0.06458333,0.803125,1.0
e80333c5111504d1,/m/05gqfk,0.0,0.05000000000000001,0.9984375,0.9624999999999999
ecd5fc22a65b8d32,/m/05gqfk,0.0,0.0,0.9984375,0.9916667
